,OBVOD,CKAND,VSTRANA,JMENO,PRIJMENI,TITULPRED,TITULZA,VEK,POVOLANI,BYDLISTEN,BYDLISTEK,PSTRANA,NSTRANA,PLATNOST,HLASY_K1,PROC_K1,URIZ_PR_K1,ZVOLEN_K1,LOS_K1,HLASY_K2,PROC_K2,URIZ_PR_K2,ZVOLEN_K2,LOS_K2,POHLAVI,NAZEV_VS
0,1,1,137,Věra,Procházková,MUDr.,,56,"léčebná ředit.nemoc., záchran.",Karlovy Vary,554961,155,137,0,1746,5.21,5.2120958834592,0,0,0,0.0,0.0,0,0,,"Suverenita-blok J.Bobošíkové,str.zdravého rozumu"
1,1,2,53,Josef,Pavel,JUDr.,,58,generální ředitel,Karlovy Vary,554961,53,53,0,5135,15.32,15.32881578554583,2,0,4007,28.24,28.24615818412519,0,0,,Občanská demokratická strana
2,1,3,701,Jaroslav,Žák,MUDr.,,47,lékař,Karlovy Vary,554961,701,701,0,1875,5.59,5.59718200543299,0,0,0,0.0,0.0,0,0,,Doktoři (za uzdravení společnosti)
3,1,4,695,Jiří,Kotek,,,53,"manažer, zemědělský inženýr",Karlovy Vary,554961,702,702,0,4175,12.46,12.46305859876414,0,0,0,0.0,0.0,0,0,,Koalice ALTER. a Občané
4,1,5,725,Ivan,Poustka,MUDr.,,49,lékař - specialista,Karlovy Vary,554961,99,725,0,1616,4.82,4.82402459774918,0,0,0,0.0,0.0,0,0,,Victoria.cz
5,1,6,659,Jan,Horník,,,56,star. města Boží Dar a senátor,Boží Dar,506486,99,166,0,7454,22.25,22.25141048986536,2,0,10179,71.75,71.7538418158748,1,0,,"Koalice ""STAN"" a TOP 09"
6,1,7,144,František,Weiss,Ing.,,48,regionální manager,Sokolov,560286,144,144,0,566,1.68,1.6896026747067,0,0,0,0.0,0.0,0,0,,Věci veřejné
7,1,8,47,Jaroslav,Borka,Mgr.,,57,náměstek hejtmana Karlovar.kr.,Karlovy Vary,554961,47,47,0,4097,12.23,12.23021582733812,0,0,0,0.0,0.0,0,0,,Komunistická strana Čech a Moravy
8,1,9,2,Jaroslav,Rovný,,,62,starosta města,Hroznětín,555185,2,2,0,1791,5.34,5.34642825158959,0,0,0,0.0,0.0,0,0,,Česká strana národně sociální
9,1,10,7,Jiří,Vyvadil,JUDr.,,56,advokát,Praha 10,500224,7,7,0,5044,15.05,15.05716588554882,0,0,0,0.0,0.0,0,0,,Česká strana sociálně demokratická
10,4,1,721,Sáša,Štembera,MUDr.,,60,lékař,Litvínov,567256,99,721,0,2674,7.87,7.87026136096067,0,0,0,0.0,0.0,0,0,,TOP 09
11,4,2,734,Vlastimil,Balín,RSDr.,,59,senátor PČR,Most,567027,99,734,0,1069,3.14,3.14633859194725,0,0,0,0.0,0.0,0,0,,"""Občané městu, město občanům"""
12,4,3,156,Tomáš,Vandas,Bc.,,41,politik,Velká Buková,542563,156,156,0,1744,5.13,5.13303508358841,0,0,0,0.0,0.0,0,0,,Dělnická strana sociální spravedlnosti
13,4,4,704,Alena,Dernerová,MUDr.,,52,dětský neurolog,Most,567027,99,704,0,12671,37.29,37.29397221568165,2,0,11677,65.14,65.14728855166257,1,0,,Severočeši.cz
14,4,5,144,Vlastimil,Doležal,PhDr.,,55,ředitel společnosti,Litvínov,567256,99,144,0,1846,5.43,5.43324699788085,0,0,0,0.0,0.0,0,0,,Věci veřejné
15,4,6,53,Václav,Hofmann,PhDr.,,56,divadelní producent,Most,567027,53,53,0,3921,11.54,11.54049917588886,0,0,0,0.0,0.0,0,0,,Občanská demokratická strana
16,4,7,7,Zdeněk,Brabec,,,53,podnikatel,Most,567027,7,7,0,6039,17.77,17.77431127854956,2,0,6247,34.85,34.85271144833742,0,0,,Česká strana sociálně demokratická
17,4,8,47,Josef,Nétek,Ing.,,56,starosta města Lom,Lom,567264,47,47,0,4012,11.8,11.8083352955027,0,0,0,0.0,0.0,0,0,,Komunistická strana Čech a Moravy
18,7,1,7,Dagmar,Terelmešová,,,40,člen. rady Plz. kraje pro OSVD,Dobřany,557676,7,7,0,11530,26.34,26.34946752593811,2,0,14154,54.06,54.06417112299465,1,0,,Česká strana sociálně demokratická
19,7,2,47,Karel,Kvit,"Ing., RSDr.",,59,bezpečnostní pracovník,Plzeň 2-Slovany,545988,47,47,0,4508,10.3,10.30211618446912,0,0,0,0.0,0.0,0,0,,Komunistická strana Čech a Moravy
20,7,3,55,Oldřich,Kodeda,Ing.arch.,,51,architekt,Plzeň 3,546003,99,55,0,592,1.35,1.35289547054252,0,0,0,0.0,0.0,0,0,,"Koruna Česká (monarch.str.Čech, Moravy a Slezska)"
21,7,4,5,Richard,Sequens,MUDr.,,54,lékař-chirurg,Plzeň 2-Slovany,545988,99,5,0,5777,13.2,13.20215731980437,0,0,0,0.0,0.0,0,0,,Strana zelených
22,7,5,724,Jan,Kůrka,,,67,důchodce,Plzeň 2-Slovany,545988,724,724,0,529,1.2,1.20892179715709,0,0,0,0.0,0.0,0,0,,Strana Práv Občanů ZEMANOVCI
23,7,6,137,František,Pillmann,MUDr.,,53,lékař,Plzeň 2-Slovany,545988,99,137,0,2086,4.76,4.76712829654006,0,0,0,0.0,0.0,0,0,,"Suverenita-blok J.Bobošíkové,str.zdravého rozumu"
24,7,7,659,Pavel,Čížek,Ing.,,46,starosta,Spálené Poříčí,558362,99,721,0,6202,14.17,14.17340829105534,0,0,0,0.0,0.0,0,0,,"Koalice ""STAN"" a TOP 09"
25,7,8,53,Jiří,Šneberger,Ing.,,49,senátor,Plzeň 3,546003,53,53,0,12534,28.64,28.64390511449334,2,0,12026,45.93,45.93582887700534,0,0,,Občanská demokratická strana
26,10,1,47,Luboš,Dvořák,JUDr.,,53,předseda Kontrolního výboru KZ,Vyšší Brod,545848,47,47,0,5322,10.86,10.86699064809899,0,0,0,0.0,0.0,0,0,,Komunistická strana Čech a Moravy
27,10,2,7,Vladimír,Špidla,PhDr.,,59,historik,Kunratice,546330,7,7,0,11649,23.78,23.78609057867439,2,0,12526,45.29,45.29379858976676,0,0,,Česká strana sociálně demokratická
28,10,3,53,Tomáš,Jirsa,Ing.,,53,senátor Parlamentu ČR,Hluboká nad Vltavou,544485,53,53,0,16367,33.41,33.41977375750398,2,0,15129,54.7,54.70620141023323,1,0,,Občanská demokratická strana
29,10,4,137,Roman,Bureš,Ing.,,48,podnikatel,České Budějovice,544256,155,137,0,1601,3.26,3.26908155347735,0,0,0,0.0,0.0,0,0,,"Suverenita-blok J.Bobošíkové,str.zdravého rozumu"
30,10,5,724,Bohumil,Bezemek,JUDr.,,58,policista ve výslužbě,České Budějovice,544256,724,724,0,1396,2.85,2.85049209784783,0,0,0,0.0,0.0,0,0,,Strana Práv Občanů ZEMANOVCI
31,10,6,721,Zdeněk,Troup,PhDr.,,55,Jihočeský územní kastelán,Zlatá Koruna,545864,99,721,0,8795,17.95,17.95850859639808,0,0,0,0.0,0.0,0,0,,TOP 09
32,10,7,1,Jan,Zasadil,Ing.,,53,lesník,Hluboká nad Vltavou,544485,1,1,0,3844,7.84,7.84906276799934,0,0,0,0.0,0.0,0,0,,Křesťan.a demokrat.unie-Českosl.strana lidová
33,13,1,47,Zdeněk,Straka,Ing.,,56,OSVČ,Jistebnice,552534,99,47,0,4959,10.46,10.46820906864814,0,0,0,0.0,0.0,0,0,,Komunistická strana Čech a Moravy
34,13,2,53,Pavel,Eybert,Mgr.,,61,"senátor, starosta města Chýnov",Chýnov,552496,53,53,0,18922,39.94,39.94342649666469,2,0,15520,51.2,51.20422302870339,1,0,,Občanská demokratická strana
35,13,3,724,Jindřich,Goetz,Ak. arch.,,71,rektor filmové akademie Písek,Žďár,598861,724,724,0,589,1.24,1.24335050240648,0,0,0,0.0,0.0,0,0,,Strana Práv Občanů ZEMANOVCI
36,13,4,1,Jaroslav,Hejl,Ing.,,50,stavební projektant - statik,Veselí nad Lužnicí,553271,1,1,0,1874,3.95,3.95592333023727,0,0,0,0.0,0.0,0,0,,Křesťan.a demokrat.unie-Českosl.strana lidová
37,13,5,137,Iveta,Vilímková,Ing.,,41,poradce v oblasti zeměd. a ŽP,České Budějovice,544256,155,137,0,1906,4.02,4.02347378198091,0,0,0,0.0,0.0,0,0,,"Suverenita-blok J.Bobošíkové,str.zdravého rozumu"
38,13,6,175,Vilém,Mikula,Mgr.,,47,výzkumník NASA,Tábor,552046,99,175,0,938,1.98,1.98007261673562,0,0,0,0.0,0.0,0,0,,Česká strana národně socialistická
39,13,7,721,Petr,Krůček,Ing.,,41,ředitel divize mezinár. spol.,Tábor,552046,721,721,0,4252,8.97,8.97576627543696,0,0,0,0.0,0.0,0,0,,TOP 09
40,13,8,7,Jan,Mládek,Ing.,CSc.,50,ekonom,Dráchov,552275,7,7,0,13932,29.4,29.40977792788989,2,0,14790,48.79,48.7957769712966,0,0,,Česká strana sociálně demokratická
41,16,1,724,Tom Jack,Illés,,DiS.,45,výjezdová zdravotní sestra,Zalužany,541613,724,724,0,1195,2.3,2.3092233666351,0,0,0,0.0,0.0,0,0,,Strana Práv Občanů ZEMANOVCI
42,16,2,137,Marcel,Winter,,,62,"podnikatel, před.čes.-viet.sp.",Skuhrov,531740,99,137,0,1240,2.39,2.39618156872596,0,0,0,0.0,0.0,0,0,,"Suverenita-blok J.Bobošíkové,str.zdravého rozumu"
43,16,3,659,Věra,Kovářová,Ing.,,46,starostka obce Chýně,Chýně,539309,99,721,0,16165,31.23,31.23731859552841,2,0,9957,48.12,48.12237204581702,0,0,,"Koalice ""STAN"" a TOP 09"
44,16,4,7,Pavel,Kysela,JUDr.,,63,ředitel Finančního úřadu,Rpety,531715,7,7,0,10892,21.04,21.04774971497033,0,0,0,0.0,0.0,0,0,,Česká strana sociálně demokratická
45,16,5,53,Jiří,Oberfalzer,,,56,senátor,Králův Dvůr,533203,53,53,0,17303,33.43,33.43639490618176,2,0,10734,51.87,51.87762795418297,1,0,,Občanská demokratická strana
46,16,6,47,Rudolf,Peltan,JUDr.,,67,předseda Okresního výboru KSČM,Zdice,532011,47,47,0,4954,9.57,9.57313184795841,0,0,0,0.0,0.0,0,0,,Komunistická strana Čech a Moravy
47,19,1,721,Pavel,Hlaváč,Mgr.,,71,evangelický farář,Praha,1,721,721,0,5130,12.59,12.59668508287292,0,0,0,0.0,0.0,0,0,,TOP 09
48,19,2,53,Milan,Pešák,PhDr.,,47,Radní hl.m.Prahy pro zdravot.,Praha,1,53,53,0,10671,26.2,26.20257826887661,2,0,15017,56.7,56.70858351270722,1,0,,Občanská demokratická strana
49,19,3,7,Ladislav,Kárský,PaedDr. Mgr.,,60,vedoucí odd. Centra sportu MV,Praha,1,7,7,0,8304,20.39,20.39042357274401,2,0,11464,43.29,43.29141648729277,0,0,,Česká strana sociálně demokratická
50,19,4,137,Ladislav,Bátora,Ing.Mgr.Bc.,Ph.D.,58,předseda Akce D.O.S.T.,Praha,1,99,137,0,1396,3.42,3.42786985880908,0,0,0,0.0,0.0,0,0,,"Suverenita-blok J.Bobošíkové,str.zdravého rozumu"
51,19,5,129,Augustin,Bubník,,,81,hokejový trenér,Praha,1,99,129,0,964,2.36,2.3670963781461,0,0,0,0.0,0.0,0,0,,SNK Evropští demokraté
52,19,6,144,Josef,Zieleniec,Doc.Ing.,CSc.,64,vysokoškolský učitel,Praha,1,99,144,0,7516,18.45,18.45549416820135,0,0,0,0.0,0.0,0,0,,Věci veřejné
53,19,7,175,Peter,Ondrejka,MUDr.,,55,lékař - plastický chirurg,Praha,1,99,175,0,496,1.21,1.21792510742786,0,0,0,0.0,0.0,0,0,,Česká strana národně socialistická
54,19,8,720,Pavel,Přeučil,,,67,šéfredaktor 21.STOLETÍ,Ondřejov,538582,99,720,0,1131,2.77,2.77716390423572,0,0,0,0.0,0.0,0,0,,Česká pirátská strana
55,19,9,714,Miloslav,Bednář,prof. PhDr.,CSc.,61,"věd. prac., universitní prof.",Praha,1,714,714,0,2154,5.28,5.2891344383057,0,0,0,0.0,0.0,0,0,,Strana svobodných občanů
56,19,10,47,Jana,Čunátová,Ing.,,65,ekonomka,Praha,1,47,47,0,2963,7.27,7.2756292203806,0,0,0,0.0,0.0,0,0,,Komunistická strana Čech a Moravy
57,22,1,659,Jaromír,Štětina,,,67,senátor,Praha 4,500119,99,721,0,11210,31.01,31.01482957060646,2,0,10794,57.5,57.50665956313265,1,0,,"Koalice ""STAN"" a TOP 09"
58,22,2,1,Karel,Duchek,,,66,odborný garant elektrotechniky,Praha 10,500224,1,1,0,704,1.94,1.94776449756529,0,0,0,0.0,0.0,0,0,,Křesťan.a demokrat.unie-Českosl.strana lidová
59,22,3,137,Jana,Bobošíková,Ing.,,46,"vysokoškol. pedagog, novinářka",Praha,1,192,137,0,3326,9.2,9.20208056662239,0,0,0,0.0,0.0,0,0,,"Suverenita-blok J.Bobošíkové,str.zdravého rozumu"
60,22,4,7,Miroslav,Svoboda,Ing.,,48,ekonom,Praha 10,500224,7,7,0,6644,18.38,18.38202744577246,0,0,0,0.0,0.0,0,0,,Česká strana sociálně demokratická
61,22,5,724,Eva,Svoboda,,,45,"Pretty Woman ČR 2009, OSVČ",Praha 9,500216,724,724,0,208,0.57,0.57547587428065,0,0,0,0.0,0.0,0,0,,Strana Práv Občanů ZEMANOVCI
62,22,6,175,Bohdan,Babinec,MUDr.,CSc.,67,lékař-chirurg,Praha 9,500216,175,175,0,149,0.41,0.4122399291722,0,0,0,0.0,0.0,0,0,,Česká strana národně socialistická
63,22,7,144,Jaroslav,Vocelka,Mgr.,,69,v důchodu,Praha 10,500224,99,144,0,633,1.75,1.75132802124833,0,0,0,0.0,0.0,0,0,,Věci veřejné
64,22,8,715,Miroslav,Suja,Ing.,Ph.D.,42,"nezávislý publicista,politolog",Praha 1,500054,99,715,0,411,1.13,1.1371181938911,0,0,0,0.0,0.0,0,0,,Demokratická strana zelených
65,22,9,47,Lubomír,Ledl,JUDr.,,58,předseda Kontr.výboru ZMČ P-10,Praha 10,500224,74,47,0,2139,5.91,5.917994687915,0,0,0,0.0,0.0,0,0,,Komunistická strana Čech a Moravy
66,22,10,53,Vladislav,Lipovský,Mgr.,,43,starosta MČ Praha 10,Praha 10,500224,53,53,0,8708,24.09,24.09251881363435,2,0,7976,42.49,42.49334043686734,0,0,,Občanská demokratická strana
67,22,11,5,Eva,Stříteská,MUDr.,,55,lékařka,Praha 10,500224,99,5,0,2012,5.56,5.56662239929172,0,0,0,0.0,0.0,0,0,,Strana zelených
68,25,1,53,Petr,Bratský,Ing.,,55,"dopravní inženýr, politik",Praha,1,53,53,0,11574,27.86,27.86968142743624,2,0,10851,50.16,50.1617973372781,1,0,,Občanská demokratická strana
69,25,2,679,Tomáš,Finger,Dr.,,56,ředitel neziskové organizace,Praha,1,724,724,0,774,1.86,1.86375785595607,0,0,0,0.0,0.0,0,0,,Koalice Suveren. a SPOZ
70,25,3,7,Jan,Kohout,PhDr.,,49,diplomat,Praha 4,500119,7,7,0,7970,19.19,19.19140841339786,0,0,0,0.0,0.0,0,0,,Česká strana sociálně demokratická
71,25,4,659,Bedřich,Moldan,prof. RNDr.,CSc.,75,vysokoškolský profesor,Praha 6,500178,99,721,0,9761,23.5,23.50405740566832,2,0,10781,49.83,49.83820266272189,0,0,,"Koalice ""STAN"" a TOP 09"
72,25,5,175,Ivan,Šterzl,prof. MUDr.,CSc.,56,lékař - vědecký pracovník,Praha 9,500216,175,175,0,190,0.45,0.45751161838715,0,0,0,0.0,0.0,0,0,,Česká strana národně socialistická
73,25,6,1,Marián,Hošek,MUDr.,,59,zubní lékař,Praha,1,1,1,0,1521,3.66,3.66250090298345,0,0,0,0.0,0.0,0,0,,Křesťan.a demokrat.unie-Českosl.strana lidová
74,25,7,47,Helena,Briardová,PhDr.,,63,novinářka,Praha 6,500178,47,47,0,2936,7.06,7.0697584820246,0,0,0,0.0,0.0,0,0,,Komunistická strana Čech a Moravy
75,25,8,144,Martin,Stránský,MUDr.,,53,lékař,Praha,1,99,144,0,2342,5.63,5.63943268559319,0,0,0,0.0,0.0,0,0,,Věci veřejné
76,25,9,80,Lucie,Ramnebornová,Ing.,,42,ředitelka Pražské inf. služby,Praha-Nebušice,547158,99,80,0,4039,9.72,9.72573382455633,0,0,0,0.0,0.0,0,0,,Nezávislí kandidáti
77,25,10,715,Daniel,Solis,Lic.,,42,"politolog, zastupitel MČ P-1",Praha 1,500054,715,715,0,422,1.01,1.01615738399672,0,0,0,0.0,0.0,0,0,,Demokratická strana zelených
78,28,1,659,Nina,Nováková,Mgr.,,56,středoškolský pedagog,Brandýs nad Labem-Stará Boleslav,538094,721,721,0,9800,20.75,20.75215991868541,0,0,0,0.0,0.0,0,0,,"Koalice ""STAN"" a TOP 09"
79,28,2,144,Libor,Holík,,,66,starosta obce,Panenské Břežany,538604,99,144,0,2495,5.28,5.28333050991021,0,0,0,0.0,0.0,0,0,,Věci veřejné
80,28,3,7,Milan,Němec,PaedDr.,,54,"Radní Stř.kraje,ředitel ZŠ Měl",Mělník,534676,7,7,0,12042,25.49,25.49974589191936,2,0,12682,44.16,44.16199463732284,0,0,,Česká strana sociálně demokratická
81,28,4,47,Jiřina,Fialová,,,60,předsedkyně Zdravot.výboru,Vraňany,535303,47,47,0,4985,10.55,10.55607318312722,0,0,0,0.0,0.0,0,0,,Komunistická strana Čech a Moravy
82,28,5,137,Petr,Hannig,Mgr.,,64,"hudební skladatel,předseda str",Praha 4,500119,137,137,0,3405,7.21,7.21031678807386,0,0,0,0.0,0.0,0,0,,"Suverenita-blok J.Bobošíkové,str.zdravého rozumu"
83,28,6,53,Veronika,Vrecionová,Ing.,,45,starostka,Přezletice,538671,53,53,0,14497,30.69,30.69837370828392,2,0,16035,55.83,55.83800536267715,1,0,,Občanská demokratická strana
84,31,1,704,Jaroslav,Doubrava,,,62,starosta obce,Telnice,568295,704,704,0,7391,23.15,23.1540365276777,2,0,11602,55.97,55.97529792058667,1,0,,Severočeši.cz
85,31,2,142,Jan,Eichler,PaedDr.,,49,ředitel DDM Ústí n.L.,Ústí nad Labem,554804,99,142,0,3728,11.67,11.67883211678832,0,0,0,0.0,0.0,0,0,,Strana Zdraví Sportu Prosperity
86,31,3,721,Liběna,Dobrovolná,Mgr.,,50,soudkyně,Ústí nad Labem,554804,721,721,0,2500,7.83,7.83183484226684,0,0,0,0.0,0.0,0,0,,TOP 09
87,31,4,7,Gustav,Krov,PaedDr.,,46,ředitel Muzea města Ústí n.L.,Ústí nad Labem,554804,7,7,0,6656,20.85,20.85147708405125,0,0,0,0.0,0.0,0,0,,Česká strana sociálně demokratická
88,31,5,53,Pavel,Sušický,MUDr.,,59,"oční lékař, senátor",Chuderov,568023,53,53,0,8625,27.01,27.01983020582061,2,0,9125,44.02,44.02470207941332,0,0,,Občanská demokratická strana
89,31,6,47,Petr,Brázda,PaedDr.,,66,úředník KÚ Ústeckého kraje,Ústí nad Labem,554804,47,47,0,2700,8.45,8.45838162964819,0,0,0,0.0,0.0,0,0,,Komunistická strana Čech a Moravy
90,31,7,1,Jan,Jaroš,,,51,stavbyvedoucí,Ústí nad Labem,554804,1,1,0,321,1.0,1.00560759374706,0,0,0,0.0,0.0,0,0,,Křesťan.a demokrat.unie-Českosl.strana lidová
91,34,1,53,Přemysl,Sobotka,MUDr.,,66,senátor,Liberec,563889,53,53,0,17344,36.97,36.97686813772518,2,0,17656,54.06,54.06166753421721,1,0,,Občanská demokratická strana
92,34,2,137,Zuzana,Chytrá,MUDr.,,55,dětská lékařka,Ohrazenice,577359,99,137,0,3117,6.64,6.64534697793412,0,0,0,0.0,0.0,0,0,,"Suverenita-blok J.Bobošíkové,str.zdravého rozumu"
93,34,3,702,Zdeněk,Joukl,Ing.,,69,sociolog a podnikatel,Desná,563552,99,702,0,369,0.78,0.78669651423089,0,0,0,0.0,0.0,0,0,,ALTERNATIVA
94,34,4,103,Leoš,Škoda,,,57,Předseda úseku skoku SLČR,Liberec,563889,103,103,0,1289,2.74,2.74810787762498,0,0,0,0.0,0.0,0,0,,Strana pro otevřenou společnost
95,34,5,7,Stanislav,Eichler,Mgr.,,50,Hejtman Libereckého kraje,Český Dub,563960,7,7,0,12330,26.28,26.28717620722737,2,0,15003,45.93,45.93833246578278,0,0,,Česká strana sociálně demokratická
96,34,6,47,Milan,Erbert,Ing.,,67,společník zemědělské firmy,Český Dub,563960,47,47,0,2877,6.13,6.13367444835305,0,0,0,0.0,0.0,0,0,,Komunistická strana Čech a Moravy
97,34,7,144,Zdeněk,Kubr,MUDr.,,54,"lékař, manažer",Liberec,563889,99,144,0,2228,4.75,4.75002664961091,0,0,0,0.0,0.0,0,0,,Věci veřejné
98,34,8,724,Milan,Drobný,,,65,Osoba samostatně výdělečně č.,Jirny,538272,724,724,0,821,1.75,1.7503464449419,0,0,0,0.0,0.0,0,0,,Strana Práv Občanů ZEMANOVCI
99,34,9,721,Jan,Marušiak,MUDr.,PhD.,54,lékař,Šimonovice,564460,721,721,0,6530,13.92,13.92175674235156,0,0,0,0.0,0.0,0,0,,TOP 09
100,37,1,659,Tomáš,Czernin,Ing.,,48,lesník a zemědělec,Dymokury,537128,721,721,0,8619,18.5,18.50166362563056,0,0,0,0.0,0.0,0,0,,"Koalice ""STAN"" a TOP 09"
101,37,2,53,Jiří,Liška,MVDr.,,61,senátor,Jičín,572659,53,53,0,12680,27.21,27.21906192980573,2,0,12352,45.9,45.9011519881085,0,0,,Občanská demokratická strana
102,37,3,47,Otakar,Ruml,Ing.,,60,předseda výboru zast. kraje,Nová Paka,573248,47,47,0,4553,9.77,9.77353225287109,0,0,0,0.0,0.0,0,0,,Komunistická strana Čech a Moravy
103,37,4,7,Josef,Táborský,Ing.,,58,1. nám. hejt. Královéhr. kraje,Kopidlno,573060,7,7,0,11635,24.97,24.9758505956853,2,0,14558,54.09,54.09884801189149,1,0,,Česká strana sociálně demokratická
104,37,5,1,Jiří,Kuhn,RNDr.,,50,ředitel Gymnázia Nymburk,Nymburk,537004,99,1,0,4629,9.93,9.93667489535258,0,0,0,0.0,0.0,0,0,,Křesťan.a demokrat.unie-Českosl.strana lidová
105,37,6,144,Jiří,Hvězda,MUDr.,,58,praktický zubní lékař,Jičín,572659,99,144,0,2155,4.62,4.62595255983685,0,0,0,0.0,0.0,0,0,,Věci veřejné
106,37,7,137,Miroslav,Voda,,,65,předseda občanského sdružení,Samšina,573442,99,137,0,2314,4.96,4.96726414081785,0,0,0,0.0,0.0,0,0,,"Suverenita-blok J.Bobošíkové,str.zdravého rozumu"
107,40,1,7,Jaromír,Strnad,Ing.,,45,místostarosta Čáslavi,Čáslav,534005,7,7,0,13125,30.59,30.5908402284116,2,0,14500,60.16,60.16847172081829,1,0,,Česká strana sociálně demokratická
108,40,2,80,Oldřich,Doležal,Ing.,,57,vodohospodářský odborník,Hulice,529737,99,80,0,3118,7.26,7.26721827292856,0,0,0,0.0,0.0,0,0,,Nezávislí kandidáti
109,40,3,715,Olga,Zubová,PhDr.,,51,předsedkyně DSZ,Kutná Hora,533955,715,715,0,2515,5.86,5.86178767043468,0,0,0,0.0,0.0,0,0,,Demokratická strana zelených
110,40,4,47,Stanislav,Veselý,,,60,jednatel firmy,Petrovice I,534315,47,47,0,4594,10.7,10.70737676261507,0,0,0,0.0,0.0,0,0,,Komunistická strana Čech a Moravy
111,40,5,55,Josef,Mrocek,Ing.,,55,předseda družstva,Kutná Hora,533955,55,55,0,236,0.55,0.55005244144039,0,0,0,0.0,0.0,0,0,,"Koruna Česká (monarch.str.Čech, Moravy a Slezska)"
112,40,6,724,Marie,Matyášová,,,63,ekonom,Kutná Hora,533955,724,724,0,810,1.88,1.88789185409625,0,0,0,0.0,0.0,0,0,,Strana Práv Občanů ZEMANOVCI
113,40,7,1,Michaela,Šojdrová,Ing.,,46,zahradní architektka,Kroměříž,588296,1,1,0,2406,5.6,5.60773802587111,0,0,0,0.0,0.0,0,0,,Křesťan.a demokrat.unie-Českosl.strana lidová
114,40,8,659,Zdeněk,Nováček,MUDr.,,56,chirurg a lékař záchranné služ,Čáslav,534005,99,721,0,7261,16.92,16.92343549702831,2,0,9599,39.83,39.8315282791817,0,0,,"Koalice ""STAN"" a TOP 09"
115,40,9,137,Jana,Volfová,Mgr.,,52,"předsedkyně SDŽ, učitelka",Praha,1,155,137,0,1203,2.8,2.80386901293555,0,0,0,0.0,0.0,0,0,,"Suverenita-blok J.Bobošíkové,str.zdravého rozumu"
116,40,10,714,Milan,Vodička,Ing.,CSc.,61,soudní znalec v oboru ekonomik,Říčany,538728,714,714,0,405,0.94,0.94394592704812,0,0,0,0.0,0.0,0,0,,Strana svobodných občanů
117,40,11,144,Ladislav,Exner,,,47,učitel,Kutná Hora,533955,144,144,0,1843,4.29,4.29553665074,0,0,0,0.0,0.0,0,0,,Věci veřejné
118,40,12,53,Lucie,Talmanová,Ing.,,43,chemik,Praha,1,53,53,0,5389,12.56,12.56030765645029,0,0,0,0.0,0.0,0,0,,Občanská demokratická strana
119,43,1,181,Miluše,Horská,Mgr.,,51,"ředitelka ZŠ,PŠ Svítání o.p.s.",Pardubice,555134,99,181,0,8751,19.5,19.50040110526784,2,0,14944,52.23,52.23348479552603,1,0,,Nestraníci
120,43,2,137,Marta,Lederová,Mgr.,,52,ředitelka ZŠ a MŠ,Pardubice,555134,99,137,0,1571,3.5,3.50075764328371,0,0,0,0.0,0.0,0,0,,"Suverenita-blok J.Bobošíkové,str.zdravého rozumu"
121,43,3,47,Václav,Snopek,Mgr.,CSc.,59,sociolog,Pardubice,555134,47,47,0,5019,11.18,11.18415188519475,0,0,0,0.0,0.0,0,0,,Komunistická strana Čech a Moravy
122,43,4,756,Vladimír,Engelmajer,Ing.,,54,podnikatel,Pardubice,555134,99,756,0,3494,7.78,7.7858989214725,0,0,0,0.0,0.0,0,0,,Česká strana regionů
123,43,5,7,Jiří,Komárek,,,59,jednatel společnosti,Pardubice,555134,7,7,0,9973,22.22,22.22346020144397,2,0,13666,47.76,47.76651520447396,0,0,,Česká strana sociálně demokratická
124,43,6,144,Jiří,Málek,prof. Ing.,DrSc.,51,vysokoškolský učitel,Pardubice,555134,99,144,0,8170,18.2,18.20572243515464,0,0,0,0.0,0.0,0,0,,Věci veřejné
125,43,7,724,Petr,Janko,,,53,"OSVČ-oceň.maj,provádění staveb",Stojice,575755,724,724,0,1003,2.23,2.23504768695962,0,0,0,0.0,0.0,0,0,,Strana Práv Občanů ZEMANOVCI
126,43,8,53,Jiří,Stříteský,Ing.,,66,senátor,Pardubice,555134,53,53,0,6895,15.36,15.36456012122292,0,0,0,0.0,0.0,0,0,,Občanská demokratická strana
127,46,1,7,Miloslav,Soušek,Ing.,,49,OSVČ,Vysoké Mýto,581186,7,7,0,10213,22.3,22.30789393211305,2,0,11427,43.86,43.86732696072785,0,0,,Česká strana sociálně demokratická
128,46,2,47,Jaroslav,Bajt,,,64,důchodce,Žamberk,581259,47,47,0,2944,6.43,6.43047485911493,0,0,0,0.0,0.0,0,0,,Komunistická strana Čech a Moravy
129,46,3,137,Wesselin,Toppisch,MUDr.,,66,lékař,Ústí nad Orlicí,579891,99,137,0,2735,5.97,5.97396356646717,0,0,0,0.0,0.0,0,0,,"Suverenita-blok J.Bobošíkové,str.zdravého rozumu"
130,46,4,1,Petr,Šilar,Ing.,,54,osoba samost. výdělečně činná,Horní Čermná,580279,1,1,0,10311,22.52,22.52195185880913,2,0,14622,56.13,56.13267303927214,1,0,,Křesťan.a demokrat.unie-Českosl.strana lidová
131,46,5,724,Jaromír,Dušek,Ing.,,58,syst. specialista,Dolní Dobrouč,580121,99,724,0,3807,8.31,8.31549517277532,0,0,0,0.0,0.0,0,0,,Strana Práv Občanů ZEMANOVCI
132,46,6,53,Richard,Neugebauer,Mgr.,,41,podnikat. v tělových. službách,Žamberk,581259,53,53,0,7395,16.15,16.15263640732165,0,0,0,0.0,0.0,0,0,,Občanská demokratická strana
133,46,7,659,Ludmila,Müllerová,Ing.,,56,senátorka,Dolní Čermná,580112,721,721,0,8377,18.29,18.29758420339871,0,0,0,0.0,0.0,0,0,,"Koalice ""STAN"" a TOP 09"
134,49,1,47,Stanislav,Navrkal,,,61,uvol.člen zastupitelstva JmK,Blansko,581283,47,47,0,5353,10.54,10.54715977380647,0,0,0,0.0,0.0,0,0,,Komunistická strana Čech a Moravy
135,49,2,724,Petr,Rožňák,,,59,"vysokoškolský učitel,politolog",Brno-střed,550973,724,724,0,526,1.03,1.03639193742241,0,0,0,0.0,0.0,0,0,,Strana Práv Občanů ZEMANOVCI
136,49,3,7,Jozef,Regec,,,45,viceprez.Čes.svazu cyklistiky,Černá Hora,581496,7,7,0,15541,30.62,30.62084999901483,2,0,17389,54.32,54.3270432391902,1,0,,Česká strana sociálně demokratická
137,49,4,137,Jindřich,Vomela,prof. MUDr.,"CSc., LL.M",64,"lékař-chirurg,vysokošk. učitel",Brno-střed,550973,99,137,0,2078,4.09,4.09433925088172,0,0,0,0.0,0.0,0,0,,"Suverenita-blok J.Bobošíkové,str.zdravého rozumu"
138,49,5,721,Ivana,Holomková,Mgr.,,45,starostka obce Spešov,Spešov,556963,721,721,0,4922,9.69,9.6979488897208,0,0,0,0.0,0.0,0,0,,TOP 09
139,49,6,53,Karel,Jarůšek,,,57,živnostník,Brno-Královo Pole,551007,53,53,0,6760,13.31,13.31940969006758,0,0,0,0.0,0.0,0,0,,Občanská demokratická strana
140,49,7,24,Pavel,Henek,RNDr.,,55,ředitel gymnázia,Ráječko,582247,24,24,0,943,1.85,1.85801824522688,0,0,0,0.0,0.0,0,0,,Konzervativní strana
141,49,8,1,Zdeněk,Peša,PaedDr.,,47,starosta obce Olešnice,Olešnice,582158,99,1,0,10771,21.22,21.22239079463282,2,0,14619,45.67,45.67295676080979,0,0,,Křesťan.a demokrat.unie-Českosl.strana lidová
142,49,9,169,Miroslav,Lejsek,Dr.Mgr.Bc.,,61,zdravotní rada v.v.auditor ZZS,Brno-střed,550973,169,169,0,197,0.38,0.38815439481409,0,0,0,0.0,0.0,0,0,,Folklor i Společnost
143,49,10,144,Josef,Mikulášek,Ing.,,59,stavební inženýr,Sloup,582352,99,144,0,3662,7.21,7.21533702441235,0,0,0,0.0,0.0,0,0,,Věci veřejné
144,52,1,47,Pavel,Šlechtický,Ing.,,66,odhadce majetku,Jihlava,586846,47,47,0,6140,14.83,14.83414268802396,0,0,0,0.0,0.0,0,0,,Komunistická strana Čech a Moravy
145,52,2,1,Jan,Kasal,Mgr. Ing.,,58,předseda Evr. ak. pro demokr.,Kaliště,548090,1,1,0,4577,11.05,11.05795945978594,0,0,0,0.0,0.0,0,0,,Křesťan.a demokrat.unie-Českosl.strana lidová
146,52,3,7,Vratislav,Výborný,Ing.,,57,OSVČ,Jihlava,586846,7,7,0,7961,19.23,19.23364982725713,2,0,9446,40.62,40.62620962539245,0,0,,Česká strana sociálně demokratická
147,52,4,714,Vladislav,Nechvátal,Ing.,,45,starosta,Třešť,588032,714,714,0,2888,6.97,6.97736222850378,0,0,0,0.0,0.0,0,0,,Strana svobodných občanů
148,52,5,659,Zdeňka,Drlíková,MUDr.,,63,ředitelka psychiatr. léčebny,Jihlava,586846,99,721,0,3744,9.04,9.04544466188301,0,0,0,0.0,0.0,0,0,,"Koalice ""STAN"" a TOP 09"
149,52,6,137,František,Halásek,Ing.,,65,zemědělský inženýr,Kněžice,590843,155,137,0,1215,2.93,2.93542074363992,0,0,0,0.0,0.0,0,0,,"Suverenita-blok J.Bobošíkové,str.zdravého rozumu"
150,52,7,724,Eduard,Zeman,Mgr.,,62,exministr školství vlády ČR,České Budějovice,544256,724,724,0,816,1.97,1.97144306733347,0,0,0,0.0,0.0,0,0,,Strana Práv Občanů ZEMANOVCI
151,52,8,53,Miloš,Vystrčil,RNDr.,,50,vysokoškolský učitel,Telč,588024,53,53,0,14050,33.94,33.94457732357275,2,0,13805,59.37,59.37379037460754,1,0,,Občanská demokratická strana
152,55,1,47,Vojtěch,Adam,MUDr.,,60,starosta města Ivančice,Ivančice,583120,99,47,0,8300,17.1,17.10388031405197,0,0,0,0.0,0.0,0,0,,Komunistická strana Čech a Moravy
153,55,2,7,Jan,Žaloudík,prof. MUDr.,CSc.,56,lékař,Ježkovice,593125,99,7,0,15709,32.37,32.37166937993282,2,0,21684,67.31,67.31861786346279,1,0,,Česká strana sociálně demokratická
154,55,3,137,Ivan,Čadeni,Ing.,,45,manažer nákupu,Brno,3,99,137,0,984,2.02,2.02773713602736,0,0,0,0.0,0.0,0,0,,"Suverenita-blok J.Bobošíkové,str.zdravého rozumu"
155,55,4,721,Karel,Bořecký,Ing.,,42,stavební technik,Moravské Knínice,583430,721,721,0,4668,9.61,9.61938714530055,0,0,0,0.0,0.0,0,0,,TOP 09
156,55,5,144,Vladimír,Paulík,,,43,starosta obce Petrovice,Petrovice,582212,144,144,0,1945,4.0,4.00807797720856,0,0,0,0.0,0.0,0,0,,Věci veřejné
157,55,6,724,Daniela,Magálová,,,44,zpěvačka,Brno,3,724,724,0,1017,2.09,2.09574051558925,0,0,0,0.0,0.0,0,0,,Strana Práv Občanů ZEMANOVCI
158,55,7,53,Tomáš,Julínek,MUDr.,MBA,53,senátor,Brno,3,53,53,0,9607,19.79,19.79722628639726,2,0,10527,32.68,32.6813821365372,0,0,,Občanská demokratická strana
159,55,8,1,František,Svoboda,Ing.,,52,starosta Tišnova,Tišnov,584002,1,1,0,6297,12.97,12.9762812454922,0,0,0,0.0,0.0,0,0,,Křesťan.a demokrat.unie-Českosl.strana lidová
160,58,1,7,Václav,Božek,Mgr.,CSc.,61,náměstek hejtmana Jm kraje,Brno,3,7,7,0,9774,26.78,26.78175092478421,2,0,11744,46.06,46.0675479543404,0,0,,Česká strana sociálně demokratická
161,58,2,137,Jan,Kux,JUDr.,,62,právník,Brno,3,99,137,0,568,1.55,1.55637758597068,0,0,0,0.0,0.0,0,0,,"Suverenita-blok J.Bobošíkové,str.zdravého rozumu"
162,58,3,721,Jiří,Vorlíček,prof. MUDr.,CSc.,65,ředitel Masaryk.onkolog.ústavu,Brno,3,99,721,0,6457,17.69,17.69283463488149,0,0,0,0.0,0.0,0,0,,TOP 09
163,58,4,1,Stanislav,Juránek,Ing.,,54,ředitel Reg. odboru SZIF,Brno,3,1,1,0,9061,24.82,24.82805863816961,2,0,13749,53.93,53.93245204565959,1,0,,Křesťan.a demokrat.unie-Českosl.strana lidová
164,58,5,724,Ladislav,Zapletal,,,64,rektor vysoké školy v Brně,Brno,3,724,724,0,507,1.38,1.38923140156185,0,0,0,0.0,0.0,0,0,,Strana Práv Občanů ZEMANOVCI
165,58,6,144,Jiří,Vítek,,,45,provozní zoolog,Brno,3,144,144,0,1086,2.97,2.9757501027538,0,0,0,0.0,0.0,0,0,,Věci veřejné
166,58,7,53,Miroslav,Hošek,Ing.,,45,podnikatel,Brno,3,53,53,0,6151,16.85,16.85436361145362,0,0,0,0.0,0.0,0,0,,Občanská demokratická strana
167,58,8,47,Daniel,Borecký,RNDr.,CSc.,57,vysokoškolský pedagog,Brno,3,47,47,0,2891,7.92,7.92163310042471,0,0,0,0.0,0.0,0,0,,Komunistická strana Čech a Moravy
168,61,1,724,Josef,Dušek,PhDr.,,62,podnikatel,Praha,1,724,724,0,396,0.95,0.95555233820761,0,0,0,0.0,0.0,0,0,,Strana Práv Občanů ZEMANOVCI
169,61,2,137,Jan,Rytíř,JUDr.,Ph.D.,42,právník neziskové organizace,Olomouc,500496,155,137,0,2326,5.61,5.6126634814922,0,0,0,0.0,0.0,0,0,,"Suverenita-blok J.Bobošíkové,str.zdravého rozumu"
170,61,3,1,Pavel,Nováček,Doc. RNDr.,CSc.,49,vysokoškolský učitel,Samotišky,547077,99,1,0,3745,9.03,9.03672602673616,0,0,0,0.0,0.0,0,0,,Křesťan.a demokrat.unie-Českosl.strana lidová
171,61,4,47,Miroslav,Skácel,PaedDr.,,62,pedagog,Olomouc,500496,47,47,0,4004,9.66,9.66169586409922,0,0,0,0.0,0.0,0,0,,Komunistická strana Čech a Moravy
172,61,5,7,Martin,Tesařík,Ing.,,56,hejtman Olomouckého kraje,Olomouc,500496,7,7,0,14306,34.52,34.52053472322764,2,0,16052,54.78,54.78311320432749,1,0,,Česká strana sociálně demokratická
173,61,6,53,Jan,Hálek,Prof. Ing.,CSc.,67,senátor,Olomouc,500496,53,53,0,8449,20.38,20.38752955938419,2,0,13249,45.21,45.2168867956725,0,0,,Občanská demokratická strana
174,61,7,659,Jiří,Klein,Prof. MUDr.,"Ph.D.,FETCS",47,"lékař,vysokoškolský pedagog",Velký Újezd,505668,99,721,0,8216,19.82,19.82529800685295,0,0,0,0.0,0.0,0,0,,"Koalice ""STAN"" a TOP 09"
175,64,1,1,Vítězslav,Maláč,MUDr.,,53,chirurg,Krnov,597520,99,1,0,4543,13.42,13.4261311581996,0,0,0,0.0,0.0,0,0,,Křesťan.a demokrat.unie-Českosl.strana lidová
176,64,2,144,Vilém,Urbiš,JUDr.,,56,advokát,Bruntál,597180,99,144,0,1399,4.13,4.13452729260868,0,0,0,0.0,0.0,0,0,,Věci veřejné
177,64,3,7,Jaroslav,Palas,Ing.,,58,hejtman,Krnov,597520,7,7,0,11062,32.69,32.69202352454413,2,0,12013,62.56,62.56119154254765,1,0,,Česká strana sociálně demokratická
178,64,4,80,Miroslava,Hustáková,JUDr.,,44,OSVČ - advokátka,Malá Morávka,597601,99,80,0,3962,11.7,11.7090758636995,0,0,0,0.0,0.0,0,0,,Nezávislí kandidáti
179,64,5,80,Jan,Síla,MUDr.,,60,lékař - neurochirurg,Ostrava,4,99,80,0,1681,4.96,4.96793450956054,0,0,0,0.0,0.0,0,0,,Nezávislí kandidáti
180,64,6,721,Marián,Olejník,MUDr.,MBA.,57,ředitel Podhorské nemocnice,Rýmařov,597783,721,721,0,1484,4.38,4.38573159559062,0,0,0,0.0,0.0,0,0,,TOP 09
181,64,7,53,Jiří,Žák,,,51,senátor PČR,Bruntál,597180,53,53,0,4775,14.11,14.11177113810325,2,0,7189,37.43,37.43880845745234,0,0,,Občanská demokratická strana
182,64,8,47,Pavel,Bačgoň,,,57,předseda OV KSČM Bruntál,Bruntál,597180,47,47,0,3947,11.66,11.66474569258504,0,0,0,0.0,0.0,0,0,,Komunistická strana Čech a Moravy
183,64,9,137,Alfréd,Roik,Ing.,CSc.,54,předseda představenstva,Ostrava,4,99,137,0,984,2.9,2.9080592251086,0,0,0,0.0,0.0,0,0,,"Suverenita-blok J.Bobošíkové,str.zdravého rozumu"
184,67,1,724,Zdeněk,Krajčír,,,53,místostarosta,Kopřivnice,599565,724,724,0,1312,2.83,2.83522420313344,0,0,0,0.0,0.0,0,0,,Strana Práv Občanů ZEMANOVCI
185,67,2,137,Antonín,Hrabánek,Ing.,,59,ekonomický poradce,Opava,505927,99,137,0,962,2.07,2.07887628309022,0,0,0,0.0,0.0,0,0,,"Suverenita-blok J.Bobošíkové,str.zdravého rozumu"
186,67,3,7,Zdeněk,Besta,Ing.,,62,starosta,Zbyslavice,568449,7,7,0,10280,22.21,22.215018908698,2,0,15786,60.32,60.32558850504432,1,0,,Česká strana sociálně demokratická
187,67,4,47,Karel,Kuboš,RSDr.,,62,předseda OV KSČM  Nový Jičín,Kopřivnice,599565,47,47,0,5384,11.63,11.63479200432198,0,0,0,0.0,0.0,0,0,,Komunistická strana Čech a Moravy
188,67,5,758,Drahomír,Strnadel,,,69,soukromý zemědělec,Trojanovice,599999,758,758,0,5694,12.3,12.30470016207455,0,0,0,0.0,0.0,0,0,,Naše Beskydy
189,67,6,721,Miroslav,Kobsa,MUDr.,,56,primář dětského oddělení  NsP,Nový Jičín,599191,721,721,0,4702,10.16,10.16099405726634,0,0,0,0.0,0.0,0,0,,TOP 09
190,67,7,144,Sylva,Kováčiková,Ing.,,52,starostka města,Bílovec,599247,144,144,0,5322,11.5,11.50081037277147,0,0,0,0.0,0.0,0,0,,Věci veřejné
191,67,8,1,Jaroslav,Šula,Ing.,,62,ředitel Domova Hortenzie,Kopřivnice,599565,1,1,0,4962,10.72,10.72285251215559,0,0,0,0.0,0.0,0,0,,Křesťan.a demokrat.unie-Českosl.strana lidová
192,67,9,53,Milan,Bureš,Mgr.,,56,ředitel  ZŠ a senátor,Frenštát pod Radhoštěm,599344,53,53,0,7657,16.54,16.54673149648838,2,0,10382,39.67,39.67441149495567,0,0,,Občanská demokratická strana
193,70,1,678,Radoslav,Štědroň,RNDr.,,55,podnikový ekolog,Ostrava,4,159,159,0,449,1.24,1.24480177432769,0,0,0,0.0,0.0,0,0,,Koalice Senátor pro Ostravu
194,70,2,721,Tomáš,Čermák,prof. Ing.,CSc.,67,prorektor VŠB-TU Ostrava,Ostrava,4,99,721,0,4271,11.84,11.84086498475187,0,0,0,0.0,0.0,0,0,,TOP 09
195,70,3,47,Justina,Kamená,Ing.,,55,ekonomka,Ostrava,4,47,47,0,4507,12.49,12.49514832270584,0,0,0,0.0,0.0,0,0,,Komunistická strana Čech a Moravy
196,70,4,53,Lukáš,Ženatý,RNDr.,Ph.D.,48,náměstek primátora,Ostrava,4,53,53,0,5725,15.87,15.87191571943443,0,0,0,0.0,0.0,0,0,,Občanská demokratická strana
197,70,5,7,Antonín,Maštalíř,Ing.,,57,starosta,Ostrava,4,7,7,0,8561,23.73,23.73440532298308,2,0,12091,53.03,53.03535397841915,1,0,,Česká strana sociálně demokratická
198,70,6,144,Aleš,Dobrozemský,Ing.,CSc.,47,"vysokoškolský pedagog, OSVČ",Ostrava,4,144,144,0,1101,3.05,3.05239811477682,0,0,0,0.0,0.0,0,0,,Věci veřejné
199,70,7,1,Zbyněk,Pražák,Ing.,,55,projektový specialista,Ostrava,4,1,1,0,1782,4.94,4.94039367895758,0,0,0,0.0,0.0,0,0,,Křesťan.a demokrat.unie-Českosl.strana lidová
200,70,8,137,Zdeněk,Pavlíček,Bc.,,42,"herec, tiskový mluvčí byty OKD",Ostrava,4,99,137,0,752,2.08,2.08483504297199,0,0,0,0.0,0.0,0,0,,"Suverenita-blok J.Bobošíkové,str.zdravého rozumu"
201,70,9,88,Liana,Janáčková,Ing. arch.,,56,senátorka,Ostrava,4,99,88,0,8922,24.73,24.73523703909065,2,0,10707,46.96,46.96464602158084,0,0,,NEZÁVISLÍ
202,73,1,137,Jan,Szotkowski,Mgr.,,58,učitel škol 2.cyklu,Český Těšín,598933,167,137,0,1256,3.09,3.09199675044927,0,0,0,0.0,0.0,0,0,,"Suverenita-blok J.Bobošíkové,str.zdravého rozumu"
203,73,2,88,Marian,Kuś,,,47,ředitel společnosti,Český Těšín,598933,99,88,0,1817,4.47,4.47305580857192,0,0,0,0.0,0.0,0,0,,NEZÁVISLÍ
204,73,3,1,Michael,Trojka,Ing.,,41,pedagog,Třinec,598810,1,1,0,2196,5.4,5.40607075158169,0,0,0,0.0,0.0,0,0,,Křesťan.a demokrat.unie-Českosl.strana lidová
205,73,4,53,Dagmar,Adamová,Mgr.,,54,ředitelka ZŠ a MŠ,Jablunkov,598259,53,53,0,5211,12.82,12.82834002117131,0,0,0,0.0,0.0,0,0,,Občanská demokratická strana
206,73,5,144,Stanislav,Czudek,MUDr.,CSc.,51,lékař,Mosty u Jablunkova,598453,99,144,0,10382,25.55,25.55820880825188,2,0,11973,48.58,48.58777696615534,0,0,,Věci veřejné
207,73,6,659,Igor,Petrov,Ing.,,51,"senátor, dopravní inženýr",Třinec,598810,99,166,0,4411,10.85,10.85891533935649,0,0,0,0.0,0.0,0,0,,"Koalice ""STAN"" a TOP 09"
208,73,7,7,Petr,Gawlas,,,48,projektový manažer,Jablunkov,598259,7,7,0,11127,27.39,27.39223554319194,2,0,12669,51.41,51.41222303384465,1,0,,Česká strana sociálně demokratická
209,73,8,47,Miroslav,Boublík,Ing.,,61,referent jakosti,Třinec,598810,99,47,0,4221,10.39,10.39117697742546,0,0,0,0.0,0.0,0,0,,Komunistická strana Čech a Moravy
210,73,9,80,Roman,Gawlas,Ing.,,58,finanční analytik,Česká Ves,569356,99,80,2,0,0.0,0.0,0,0,0,0.0,0.0,0,0,,Nezávislí kandidáti
211,76,1,7,Miloš,Malý,Mgr.,,56,starosta města Kroměříže,Kroměříž,588296,7,7,0,10315,25.04,25.04795901022316,2,0,13191,53.86,53.8650006125199,1,0,,Česká strana sociálně demokratická
212,76,2,53,Zdeněk,Janalík,PaedDr.,,50,"senátor, starosta",Holešov,588458,53,53,0,9586,23.27,23.27772516451761,2,0,11298,46.13,46.13499938748009,0,0,,Občanská demokratická strana
213,76,3,47,Jaroslav,Adamík,Ing.,,69,technik,Kroměříž,588296,47,47,0,4202,10.2,10.20373473203661,0,0,0,0.0,0.0,0,0,,Komunistická strana Čech a Moravy
214,76,4,1,Zdeněk,Pánek,Mgr.,,52,starosta města Bystřice p.H.,Bystřice pod Hostýnem,588393,99,1,0,6472,15.71,15.71598552730628,0,0,0,0.0,0.0,0,0,,Křesťan.a demokrat.unie-Českosl.strana lidová
215,76,5,144,Ignác,Hoza,Prof. Ing.,CSc. dr.h.c.,68,univerzitní profesor,Vyškov,592889,99,144,0,1149,2.79,2.79012165804618,0,0,0,0.0,0.0,0,0,,Věci veřejné
216,76,6,659,Lenka,Mergenthalová,MUDr.,,43,"primářka ARO, Nem.Kroměříž",Kroměříž,588296,721,721,0,4306,10.45,10.45627838080668,0,0,0,0.0,0.0,0,0,,"Koalice ""STAN"" a TOP 09"
217,76,7,724,Lubomír,Nečas,MUDr.,,55,lékař,Zlín,585068,724,724,0,729,1.77,1.77023384570554,0,0,0,0.0,0.0,0,0,,Strana Práv Občanů ZEMANOVCI
218,76,8,83,Pavel,Dohnal,Ing.,,49,poradce pro fondy EU,Kroměříž,588296,83,83,0,1738,4.22,4.22039289963818,0,0,0,0.0,0.0,0,0,,Moravané
219,76,9,5,Zdeňka,Dokoupilová,Ing.,,45,správce památkového objektu,Kroměříž,588296,5,5,0,2684,6.51,6.51756878171972,0,0,0,0.0,0.0,0,0,,Strana zelených
220,79,1,53,Alena,Venhodová,MUDr.,,56,zubní lékařka,Hodonín,586021,53,53,0,10380,22.14,22.14447241541152,2,0,12830,43.82,43.82728701236592,0,0,,Občanská demokratická strana
221,79,2,724,Rudolf,Bauer,,,58,soukromý podnikatel,Strážnice,586587,724,724,0,760,1.62,1.62136792251568,0,0,0,0.0,0.0,0,0,,Strana Práv Občanů ZEMANOVCI
222,79,3,659,Risto,Ljasovský,Mgr.,,49,starosta města Strážnice,Strážnice,586587,99,166,0,3366,7.18,7.18095319366813,0,0,0,0.0,0.0,0,0,,"Koalice ""STAN"" a TOP 09"
223,79,4,1,Jiří,Koliba,Ing.,,52,stavební inženýr,Hodonín,586021,1,1,0,7166,15.28,15.28779280624653,0,0,0,0.0,0.0,0,0,,Křesťan.a demokrat.unie-Českosl.strana lidová
224,79,5,137,Zuzana,Matušková,,,61,mikrobioložka,Hodonín,586021,99,137,0,1524,3.25,3.25126936041302,0,0,0,0.0,0.0,0,0,,"Suverenita-blok J.Bobošíkové,str.zdravého rozumu"
225,79,6,144,Jiří,Brüch,,,50,obchodní ředitel,Strážnice,586587,99,144,0,1339,2.85,2.85659427401117,0,0,0,0.0,0.0,0,0,,Věci veřejné
226,79,7,47,Martina,Milerová,,,59,ekonomka,Hodonín,586021,47,47,0,4863,10.37,10.37462132525493,0,0,0,0.0,0.0,0,0,,Komunistická strana Čech a Moravy
227,79,8,7,Zdeněk,Škromach,Ing.,,53,poslanec PS PČR,Rohatec,586528,7,7,0,17476,37.28,37.28292870247898,2,0,16444,56.17,56.17271298763407,1,0,,Česká strana sociálně demokratická
