pred,prijmeni,jmeno,za,narozeni,pohlavi,umrti
 ,Ruml,Jan, ,1953-03-05,M,
JUDr.,Rychetský,Pavel, ,1943-08-17,M,
Ing.,Fencl,Jan, ,1942-06-12,M,
doc. JUDr.,Pithart,Petr, ,1941-01-02,M,
Ing.,Šimonovský,Milan, ,1949-02-17,M,
Ing.,Topolánek,Mirek, ,1956-05-15,M,
MUDr.,Julínek,Tomáš, ,1956-11-07,M,
Mgr.,Jehlička,Václav, ,1948-03-24,M,
Mgr.,Kulhánek,Vladimír, ,1900-01-01,M,
 ,Morávek,Peter, ,1900-01-01,M,
JUDr.,Falbr,Richard, ,1900-01-01,M,
RNDr.,Havlíček,Ivan,CSc.,1900-01-01,M,
 ,Kulhánek,Bohumil, ,1900-01-01,M,
Ing.,Smutný,Petr, ,1900-01-01,M,
Mgr.,Eybert,Pavel, ,1900-01-01,M,
PhDr.,Pospíšil,Jiří, ,1900-01-01,M,
 ,Štěch,Milan, ,1900-01-01,M,
Ing.,Rückl,Jiří, ,1900-01-01,M,
Ing.,Vojíř,Zdeněk, ,1900-01-01,M,
 ,Žantovský,Michael, ,1900-01-01,M,
RNDr.,Palečková,Alena, ,1900-01-01,Z,
 ,Pavlata,Josef, ,1900-01-01,M,
 ,Horák,Jaroslav, ,1900-01-01,M,
MUDr.,Svoboda,Ladislav, ,1900-01-01,M,
 ,Lánský,Egon, ,1900-01-01,M,26.11.2013
MUDr.,Sobotka,Přemysl, ,1900-01-01,M,
MUDr.,Coufal,Miroslav, ,1900-01-01,M,
MVDr.,Liška,Jiří, ,1900-01-01,M,
Ing.,Šubrt,Vlastimil, ,1900-01-01,M,
Doc. RNDr.,Malát,Vladislav,CSc.,1900-01-01,M,
Doc. MUDr,Moserová,Jaroslava,DrSc.,1900-01-01,M,
Doc. MUDr.,Barták,Karel,CSc.,1900-01-01,M,
 ,Čada,Bohumil, ,1900-01-01,M,
MVDr.,Bartoš,František, ,1900-01-01,M,
Mgr.,Brýdl,Jiří, ,1900-01-01,M,
Ing.,Šenkýř,Jiří, ,1900-01-01,M,
MUDr.,Špaček,Milan, ,1900-01-01,M,
RNDr.,Dočekal,Oldřich, ,1900-01-01,M,
 ,Zahradníček,Jan, ,1900-01-01,M,
Prof. PhDr.,Jařab,Josef,CSc.,1900-01-01,M,
RNDr.,Seitlová,Jitka, ,1900-01-01,Z,
Ing.,Korytář,Karel, ,1900-01-01,M,
 ,Vašínková,Věra, ,1900-01-01,Z,
Ing.,Matuška,Vítězslav, ,1900-01-01,M,
Ing.,Škrabiš,Emil, ,1900-01-01,M,
Mgr.,Petráš,Antonín, ,1900-01-01,M,
 ,Ondrová,Irena, ,1900-01-01,Z,
Ing.,Stodůlka,Jiří, ,1900-01-01,M,
Ing.,Petřík,Jaroslav, ,1900-01-01,M,
Ing.,Skalický,Jiří, ,1900-01-01,M,
MUDr.,Dvořák,Martin, ,1900-01-01,M,
Mgr.,Kroupa,Daniel, ,1900-01-01,M,
MUDr.,Roithová,Zuzana,MBA,1900-01-01,M,
 ,Doubrava,Jaroslav, ,1900-01-01,M,
Ing.,Bělehrádek,Stanislav, ,1900-01-01,M,
JUDr.,Lastovecká,Dagmar, ,1900-01-01,M,
Prof. PhDr.,Mezihorák,František,CSc.,1900-01-01,M,
 ,Harazin,Rostislav, ,1900-01-01,M,
Ing.,Šula,Jaroslav, ,1900-01-01,M,
Ing.,Kroupa,František, ,1900-01-01,M,
Ing.,Kaňa,Josef, ,1900-01-01,M,
 ,Fischer,Václav, ,1900-01-01,M,
 ,Hadrava,Jan, ,1900-01-01,M,
 ,Novák,Alexandr, ,1900-01-01,M,
MUDr.,Sefzig,Luděk, ,1900-01-01,M,
Ing.,Outrata,Edvard, ,1900-01-01,M,
Doc. Ing.,Zieleniec,Josef,CSc.,1900-01-01,M,
Ing. arch.,Filipiová,Daniela, ,1957-08-09,Z,
Mgr.,Bárta,Zdeněk, ,1900-01-01,M,
 ,Kubera,Jaroslav, ,1900-01-01,M,
Mgr.,Paukrtová,Soňa, ,1900-01-01,Z,
MUDr.,Mitlener,Jaroslav, ,1900-01-01,M,
Ing.,Rögnerová,Helena, ,1900-01-01,Z,
 ,Fejfar,Petr, ,1900-01-01,M,
Ing.,Janata,Pavel, ,1900-01-01,M,
Ing.,Schovánek,Vladimír, ,1900-01-01,M,
Ing.,Kolář,Robert, ,1900-01-01,M,
Ing.,Jílek,Adolf, ,1900-01-01,M,
Ing.,Balabán,Milan, ,1900-01-01,M,
Ing.,Feber,Ondřej, ,1900-01-01,M,
JUDr.,Kubín,Jaroslav, ,1900-01-01,M,
PhDr.,Železný,Vladimír, ,1900-01-01,M,
